TF	H3.1K27M_pons_score	H3.3K27M_pons_score	Foldchange	Log_foldchange	rank
NFE2L2	11063.0952	1	11063.0952	9.31137009125866	1
MZF1	5971.81	1	5971.81	8.69480534301566	2
ZBTB2	4982.77288	1	4982.77288	8.51374181827416	3
DLX1	4883.0232	1	4883.0232	8.49351981522793	4
HEY2	3990.8632	1	3990.8632	8.29176282733773	5
NKX6-1	3577.1612	1	3577.1612	8.1823248039411	6
HOXD8	2354.89024	1	2354.89024	7.76424939814568	7
ZNF713	1737.7168	1	1737.7168	7.46032734663337	8
HOXA1	1660.27888	1	1660.27888	7.41474086724017	9
PAX5	1146.13684	1	1146.13684	7.04415229677804	10
POU2F2	1084.88	1	1084.88	6.98922466077969	11
SOX2	28005.02122	25.867225	1082.64497718638	6.98716237902582	12
HOXB1	941.41792	1	941.41792	6.84738716426494	13
ZBTB17	895.12974	1	895.12974	6.7969686686629	14
TRERF1	882.63264	1	882.63264	6.78290907779678	15
LYL1	18909.9315	21.598375	875.52565875905	6.77482445884533	16
NKX2-6	769.1008	1	769.1008	6.6452220402393	17
FEZF2	755.02664	1	755.02664	6.62675303339474	18
ATF6	721.09164	1	721.09164	6.58076623045654	19
ZNF574	689.4541	1	689.4541	6.53590012503923	20
ZNF267	682.4913	1	682.4913	6.52574977972512	21
CEBPE	679.08028	1	679.08028	6.5207393532649	22
SIX2	641.917	1	641.917	6.46445901184303	23
ZBTB34	622.45914	1	622.45914	6.43367798763034	24
BCL6	13293.815	21.73645	611.590899157866	6.41606359356137	25
MEIS1	12507.0544	20.6099375	606.845818916239	6.40827475371441	26
MYOG	584.95204	1	584.95204	6.37152986096509	27
SIX1	572.15782	1	572.15782	6.34941486241479	28
ZNF708	554.90894	1	554.90894	6.31880402821307	29
HLX	550.99472	1	550.99472	6.31172522652987	30
ZNF397	548.7763	1	548.7763	6.30769089034798	31
MEF2B	534.70576	1	534.70576	6.2817166142924	32
ZNF212	526.31308	1	526.31308	6.26589624479649	33
STAT4	480.81998	1	480.81998	6.17549293809801	34
POU3F3	25607.33838	53.3337	480.134293701731	6.17406584331649	35
POU6F1	449.45306	1	449.45306	6.10803142131751	36
NHLH2	447.8372	1	447.8372	6.10442977351466	37
GRHL3	442.7686	1	442.7686	6.09304728594429	38
VDR	435.3416	1	435.3416	6.07613101026822	39
FOXF1	412.80224	1	412.80224	6.02296864050922	40
NFE2L3	406.38608	1	406.38608	6.00730364370916	41
HAND2	400.82432	1	400.82432	5.9935232265725	42
ST18	391.4556	1	391.4556	5.96987209903778	43
ZFAT	391.03334	1	391.03334	5.96879282489241	44
TP63	390.13248	1	390.13248	5.96648637374901	45
FOXF2	387.6688	1	387.6688	5.96015136684487	46
ZNF273	384.16888	1	384.16888	5.95108224757438	47
LCOR	381.16476	1	381.16476	5.94323172259594	48
ATF4	376.53664	1	376.53664	5.931015359902	49
OVOL1	364.87804	1	364.87804	5.89956316075999	50
NFIX	18081.55332	53.0231875	341.012190562855	5.83191822609571	51
ZEB2	21700.6125	64.7824	334.976976771469	5.81406180340801	52
ZNF655	329.60652	1	329.60652	5.79789957939306	53
ZNF705A	300.28096	1	300.28096	5.70471856971581	54
IRF6	297.7075	1	297.7075	5.69611146085185	55
PRDM1	294.27374	1	294.27374	5.68451042258009	56
NR3C1	11131.62544	39.58435	281.21278838733	5.639111636809	57
PPARA	278.17256	1	278.17256	5.62824164054848	58
MEF2D	20521.84576	74.7919	274.385939653893	5.61453565421052	59
CEBPA	273.36272	1	273.36272	5.61079955800629	60
FOXR2	271.90624	1	271.90624	5.60545730098892	61
NFIC	6211.68448	22.9074625	271.164232179797	5.60272466012572	62
ZNF496	267.21028	1	267.21028	5.58803591397631	63
NR0B1	260.4208	1	260.4208	5.56229878425654	64
NKX6-3	257.37058	1	257.37058	5.55051699181535	65
TRPS1	9275.38328	39.0368625	237.605757378683	5.47061281858668	66
TCF7L2	6403.34752	27.599875	232.00639568114	5.44676493887745	67
KLF6	8119.56896	37.250225	217.973689017986	5.38437436292711	68
FOSL2	10792.4999	49.675875	217.258375418651	5.38108731538698	69
PITX1	211.28784	1	211.28784	5.3532213744568	70
GBX1	210.74464	1	210.74464	5.35064716358108	71
TBX18	206.45924	1	206.45924	5.33010300793021	72
TBX20	200.58112	1	200.58112	5.30121875345143	73
POU1F1	198.2158	1	198.2158	5.28935633617573	74
ETV1	8497.03276	43.35955	195.96681146368	5.27794531562576	75
SOHLH2	195.24448	1	195.24448	5.27425251687329	76
SP3	9434.55056	48.8687125	193.059118551568	5.26299645573911	77
SMAD1	190.61476	1	190.61476	5.25025442788602	78
RUNX1	9050.2576	47.8286875	189.222369942725	5.24292288399823	79
ZBTB20	6083.8588	33.083375	183.894744716946	5.21436355435011	80
RCOR2	5859.464	31.86325	183.894109985642	5.21436010274304	81
OLIG3	183.47788	1	183.47788	5.21209411526937	82
ZNF217	8519.81226	46.56	182.985658505155	5.20940778094613	83
ZBTB44	176.24584	1	176.24584	5.17187983857695	84
ZNF649	174.78026	1	174.78026	5.16352952778268	85
SATB2	7731.2498	44.249875	174.718003158201	5.16317326368057	86
HOMEZ	168.49018	1	168.49018	5.12687746916238	87
SHOX2	167.08286	1	167.08286	5.11848985703095	88
MSC	163.8787	1	163.8787	5.09912652001357	89
TEF	4528.68064	27.756775	163.15586518967	5.09470597206934	90
PBX1	5053.6048	31.3626625	161.134431746667	5.08223899637572	91
ID2	10376.38416	64.5946625	160.638414358152	5.07915596567621	92
POU4F3	160.49252	1	160.49252	5.07824733712268	93
KLF12	5661.00232	35.482	159.545750521391	5.07233071821971	94
WIZ	155.33088	1	155.33088	5.04555755134139	95
NFIB	7878.805	52.7888875	149.251203674258	5.00563081705934	96
TWIST1	149.1202	1	149.1202	5.0047526921381	97
NFATC1	4470.88192	30.0448625	148.806869061225	5.00264928437938	98
VAX2	147.7256	1	147.7256	4.99535649882444	99
ZSCAN23	147.48992	1	147.48992	4.99375983446161	100
E2F3	5027.56126	34.852675	144.251804488465	4.97156041476206	101
GCM1	144.23012	1	144.23012	4.97141007959951	102
TFEB	4874.0352	34.0512	143.138426839583	4.96381218188805	103
NFIA	8125.536	57.38875	141.587610812224	4.95291868316782	104
PRDM10	136.078	1	136.078	4.91322825074268	105
TCF4	6705.32086	49.40255	135.72823386647	4.9106546061164	106
SOX17	135.232	1	135.232	4.90699182199359	107
PRDM8	134.5324	1	134.5324	4.90180506222534	108
SOX4	5015.9395	37.329575	134.369049205623	4.90059011291991	109
ATF3	3872.5669	28.88785	134.055213524025	4.8982517563093	110
CEBPB	6335.76692	47.5928	133.124483535325	4.89128465690931	111
TBX15	132.6244	1	132.6244	4.88752107288998	112
PRDM6	131.84422	1	131.84422	4.88162107414405	113
NKX2-2	6806.43376	52.0183875	130.84668877904	4.87402632318436	114
FOS	5489.61214	42.0229	130.633824414783	4.8723981757658	115
ZNF526	123.0832	1	123.0832	4.81286054946588	116
ZNF521	5161.53118	42.3352	121.92055736125	4.80336966346045	117
PPARG	119.8946	1	119.8946	4.78661302348797	118
POU2F1	5263.11448	44.13115	119.260759803449	4.78131235465781	119
SOX9	3028.21584	25.57125	118.422675465611	4.77426021986995	120
SALL1	5142.40432	43.432	118.401278320133	4.77407951901436	121
NR2F2	11569.94272	97.91965	118.157517107138	4.77201862502959	122
MNX1	117.52808	1	117.52808	4.76667728375675	123
SOX21	5065.0284	43.173	117.319352373011	4.76489972391852	124
NR4A2	8486.252	73.044	116.18000109523	4.7551407219914	125
PKNOX2	4202.8702	36.4542625	115.291598616211	4.74746455919272	126
ARID1B	9082.48612	79.0285375	114.926663295522	4.74429421446571	127
NFX1	114.06724	1	114.06724	4.73678809907776	128
TEAD1	5607.76272	49.6720625	112.895709132271	4.72646446451904	129
EBF3	6701.10752	59.3990875	112.814990971031	4.72574922891307	130
SMAD3	3489.8524	31.2533	111.66348513597	4.7154897514314	131
KLF13	6048.29368	56.27665	107.474302041788	4.67725176821646	132
FOXN3	2983.89802	27.98245	106.634623487221	4.6694082571878	133
ZNF679	106.588	1	106.588	4.66897093503875	134
IRX2	4819.66096	46.1032375	104.540618432708	4.64957568901922	135
THRA	12089.05234	115.803775	104.392558360036	4.64815839283171	136
RERE	3799.0696	36.580825	103.854125761242	4.64298727761428	137
CREBL2	102.55618	1	102.55618	4.63041074598883	138
KLF7	4593.9508	44.96275	102.172371574248	4.62666130437512	139
ZBTB12	101.87018	1	101.87018	4.6236992575583	140
NR2C1	101.00944	1	101.00944	4.61521397782018	141
HES3	100.9808	1	100.9808	4.61493039976025	142
ALX1	99.98108	1	99.98108	4.60498096808751	143
GLI2	2915.752	29.28245	99.5733622015917	4.60089468104484	144
ZNF532	4961.32768	49.8581625	99.5088352885047	4.60024643709173	145
SOX13	8937.6976	90.6288375	98.618694077368	4.59126083874286	146
ESRRG	2866.97764	29.0730625	98.6128530491069	4.59120160858067	147
ZNF366	1985.4607	20.5051	96.8276526327597	4.57293262118108	148
ARID1A	10458.7012	108.9292	96.0137520517914	4.56449143174795	149
ZSCAN12	95.90416	1	95.90416	4.56334935946786	150
PITX2	95.79268	1	95.79268	4.56218627287168	151
VEZF1	4875.691	51.10435	95.406574978451	4.55814749618891	152
FOXQ1	94.80228	1	94.80228	4.55179345960468	153
FOXN2	2370.991	25.295775	93.7307119469556	4.54042590445083	154
ZNF652	93.52704	1	93.52704	4.53825059234596	155
POU3F2	4703.41564	51.83085	90.745485362482	4.50805872383566	156
SOX7	90.2848	1	90.2848	4.50296911845799	157
HIVEP1	7010.64538	77.8659375	90.0348163149002	4.50019644346723	158
RXRA	3633.31792	40.9788875	88.6631663682915	4.48484454228501	159
PRDM12	87.3892	1	87.3892	4.47037170523206	160
MYC	3456.46212	40.1890375	86.0050982808434	4.45440657683177	161
NR4A1	3475.39966	40.584475	85.6337222546306	4.45007915714194	162
ZNF517	84.7011	1	84.7011	4.43912858858666	163
EBF1	4791.8812	56.59225	84.6738060423468	4.43880629813022	164
ZNF358	84.53422	1	84.53422	4.43715642279894	165
ZNF384	84.4632	1	84.4632	4.43631593654559	166
ZBTB38	4112.707	48.8154	84.2501956349841	4.43379089130674	167
IRX6	82.6466	1	82.6466	4.4145736860948	168
HOXA2	1238.43718	15.0452125	82.3143694381186	4.41054569071857	169
ARID5B	4392.7426	54.39955	80.7496128184884	4.39135316727379	170
DMRT2	80.7496	1	80.7496	4.39135300853013	171
NR6A1	77.93728	1	77.93728	4.35590440066161	172
FOXJ3	77.87708	1	77.87708	4.35513168622123	173
ZNF57	77.31768	1	77.31768	4.34792264871666	174
SP6	75.889	1	75.889	4.32927174636234	175
DLX2	5952.37556	78.771925	75.5646832294628	4.32498902098607	176
WHSC1	75.2927	1	75.2927	4.3213831845552	177
PRRX1	15609.58794	208.7038	74.7930221682595	4.31472459410838	178
ZNF683	74.5241	1	74.5241	4.31112256300681	179
FOXN1	74.1476	1	74.1476	4.30605770123612	180
HIVEP2	5655.56248	76.982575	73.465488521266	4.29681575202017	181
MEIS2	21527.15464	295.6009375	72.8250553670859	4.28806006312102	182
ZNF248	71.81776	1	71.81776	4.27413179922773	183
SOX6	3196.364	44.8529875	71.2631237774295	4.26637899555468	184
FOXC1	2380.4141	33.5205	71.0136811801733	4.26287255115696	185
ZSCAN21	70.71328	1	70.71328	4.25863339119002	186
CREB5	4956.62152	70.39865	70.4079058334215	4.25430555562915	187
ZNF184	1585.49536	22.939775	69.1155584568724	4.23577986399469	188
TSC22D4	3037.728	44.123625	68.8458393887628	4.23186979326536	189
GLIS3	3349.41344	49.166125	68.1244137096426	4.22133564684939	190
IRF7	65.977	1	65.977	4.18930619644299	191
BACH2	1850.6161	28.2581875	65.4895541336471	4.18189065104748	192
SATB1	2097.90654	32.0641625	65.4283903407738	4.18095626733761	193
SOX8	11106.86026	170.527825	65.1322460718654	4.1764197579435	194
ETV5	3691.98728	56.84865	64.9441504767483	4.17352767711696	195
OLIG1	2444.09296	37.7249	64.7872614639138	4.17110900168638	196
RBPJ	1511.49476	23.4380125	64.4890329331465	4.1664951773004	197
NEUROG1	64.28192	1	64.28192	4.16327840974495	198
MXD1	2545.09808	39.99175	63.6405778691855	4.15325128371097	199
LCORL	63.11584	1	63.11584	4.14497176815532	200
OSR1	3483.40942	55.231525	63.0692239622209	4.14423291621142	201
MECOM	2730.52	43.57695	62.6597318077562	4.13771900539609	202
ZBTB16	3203.85164	51.5820875	62.1117096123727	4.12893453174983	203
HOXD3	2178.01432	35.4421875	61.4525929021734	4.11826603043793	204
NFATC4	61.36232	1	61.36232	4.11679596599221	205
JUNB	10223.803	168.8977125	60.5325131327637	4.10318062783841	206
BHLHE22	60.1473	1	60.1473	4.09679655363265	207
ZNF331	59.67358	1	59.67358	4.0888893763825	208
CBFB	59.35836	1	59.35836	4.08359297044512	209
MXI1	3124.99984	53.3521875	58.5730405149742	4.07027453125171	210
NKX2-4	58.536	1	58.536	4.06964194958173	211
ELK4	6365.311	109.0036	58.3954199677809	4.06723746154953	212
ID3	8924.61824	156.2026	57.1348891759804	4.04541494890975	213
TBX2	4940.09416	88.494	55.8240576762266	4.02220491762364	214
KLF5	1941.7795	34.979425	55.5120474393161	4.01660006817456	215
SNAI2	3626.27308	66.08445	54.8733186097486	4.00502723055686	216
SOX11	9762.67672	178.2319	54.7751368862701	4.00323638454313	217
MEF2A	2537.81176	46.4545	54.6300522016166	4.00058413795571	218
NFYB	53.593	1	53.593	3.9814184625333	219
ZNF80	53.39428	1	53.39428	3.97770362412394	220
TLX2	52.42962	1	52.42962	3.95947169879926	221
STAT2	51.82378	1	51.82378	3.94784911728257	222
PRDM16	1810.90138	35.0934125	51.6023165316283	3.94356656550361	223
NR2C2	51.1429	1	51.1429	3.93462367533386	224
ZNF423	3360.637	66.0808	50.856481761722	3.92900758264496	225
SOX1	2417.35152	48.7266	49.6105108913817	3.90420272441316	226
ETS1	1085.16184	22.0025	49.3199336439041	3.89832833287561	227
RFX8	2468.46522	50.205	49.1677167612788	3.89523724474021	228
KLF2	3820.41082	77.801025	49.1048905846678	3.89395863441599	229
ZNF236	3182.31514	65.0730125	48.9037623699994	3.88985433360288	230
ZNF3	47.88748	1	47.88748	3.86885409238116	231
FOXD4L5	1449.92176	30.6006	47.3821349908172	3.85824525872887	232
PBX3	2079.04608	44.38285	46.8434559745487	3.84681131855573	233
ZNF668	46.82534	1	46.82534	3.84642450938227	234
MEF2C	2224.96108	47.608475	46.7345589204443	3.84448391070501	235
NPAS3	2988.10948	65.289225	45.7672683356251	3.82356917046423	236
KLF4	3451.91942	76.2514	45.2702431693057	3.81264993296659	237
SRF	8042.2282	179.4315	44.8206039630723	3.80266794358481	238
EN1	3640.36672	81.2907625	44.7820466685867	3.80180731509684	239
TGIF1	7450.607	169.3985	43.9827212165397	3.78379685716747	240
BHLHE40	1921.9632	44.092	43.5898394266534	3.7748240825237	241
OLIG2	3310.79736	78.2792375	42.2947063070204	3.74466193181463	242
ZNF24	3675.68978	87.775975	41.8758069050216	3.73470825933323	243
SOX5	869.1652	21.335725	40.7375516885412	3.70715031298254	244
GLIS1	1642.74912	41.383075	39.6961588765455	3.68125442927279	245
MITF	1202.8348	30.4143125	39.5483146298309	3.6775230796478	246
FOXL1	1004.46432	25.669125	39.1312255482024	3.66692075564503	247
AHR	1562.45376	40.092425	38.9712959492972	3.66282537384765	248
ZNF557	1700.09866	43.956975	38.6764252999666	3.65523024904358	249
DLX4	38.4975	1	38.4975	3.65059330412043	250
SNAI1	2400.22324	63.743175	37.6545918837585	3.62845490919312	251
EGR3	4884.2875	129.9814	37.5768186832885	3.62638733588592	252
KLF9	3083.0608	82.4656	37.3860227779826	3.62129691205499	253
ZNF516	4005.5995	108.572725	36.8932390708624	3.60802831124724	254
MYT1	1687.90082	45.9575	36.7274290376979	3.60352386113065	255
MYB	36.63404	1	36.63404	3.60097786281929	256
ZNF648	2257.2204	61.8154375	36.5154804574505	3.59773629279601	257
ZNF541	36.40052	1	36.40052	3.59458306025494	258
ZHX3	2437.32752	67.8505	35.9220273984716	3.5813506838922	259
BCL11A	1629.98632	45.7442	35.6326336453583	3.57326189339906	260
ELF2	3888.31696	109.549675	35.4936421308416	3.56935358553609	261
NPAS2	1003.56364	28.3921	35.3465802106924	3.56520164680553	262
ATF1	1969.57972	56.4396625	34.8970853608489	3.5524033117051	263
MKX	1091.9107	31.34665	34.8334096306942	3.55057697308921	264
JUN	5275.3196	151.72135	34.7697908039969	3.54874892943558	265
GLIS2	3131.5378	90.253	34.6973264046625	3.54666263512741	266
RFX2	2674.8143	77.2050375	34.6455929122501	3.54517052886709	267
SP5	34.49136	1	34.49136	3.54070885789068	268
BBX	4166.41616	121.797	34.2078717866614	3.53245578678432	269
HOXB2	5587.43768	163.3576375	34.2037125751161	3.53233419300487	270
RORA	1590.0616	46.6621	34.0760831595663	3.52859576459217	271
ZHX2	2093.40004	61.5211	34.0273506162926	3.52716463112681	272
LMX1A	727.1596	21.768125	33.4047879640529	3.50869924192586	273
ZSCAN20	1568.8306	47.8447375	32.7900346406959	3.49012464729686	274
IRF2	1237.7774	38.0305	32.5469662507724	3.48268416156969	275
MAFF	1877.047	59.9512	31.3095817931918	3.44392417827663	276
TCF7L1	2007.37026	64.20125	31.2668407546582	3.44255813517478	277
TBX1	1307.98282	42.165775	31.020011371782	3.43463252434349	278
MAFK	3942.9512	127.4845	30.9288674309426	3.4316899688569	279
ID1	5925.43672	197.2162875	30.0453719878486	3.40270863873267	280
HIF1A	2175.72216	72.6872	29.932672602604	3.39895061298676	281
ZNF629	2428.38944	81.14945	29.9249032494983	3.39869101833934	282
ZNF628	29.89978	1	29.89978	3.39785112251004	283
NFE2L1	2592.61584	86.734375	29.8914454620789	3.39757233451362	284
ZNF705G	29.81088	1	29.81088	3.39487342754947	285
ZNF143	29.6713	1	29.6713	3.39018024864452	286
ATF7	1643.04944	56.24805	29.2107804626116	3.37453783506398	287
STAT1	2517.184	86.397875	29.1347906415522	3.37193301476356	288
TSC22D1	1512.18552	52.1467	28.9986810287132	3.36725034718364	289
NPAS1	1165.23118	40.222325	28.9697619419066	3.36625259434697	290
NKX6-2	1135.49028	39.51775	28.7336773981312	3.35806986334276	291
SIX5	3587.46238	130.01795	27.592054635533	3.31752785575483	292
ZNF281	1714.82552	63.42075	27.0388716626656	3.29727552185239	293
NFIL3	3718.37548	137.9748	26.9496710993602	3.29397109317516	294
ZEB1	5734.0042	213.927625	26.8034771105415	3.28853162203158	295
TSHZ1	1949.43932	72.8101	26.7742980712841	3.28744240016511	296
NR4A3	7689.9575	289.6581125	26.5483933235255	3.27896923073538	297
AEBP2	564.01756	21.307375	26.470532386087	3.27603212884699	298
PAX8	2233.37872	86.0303125	25.9603697243341	3.25657113381206	299
NFKB1	682.8746	26.6806375	25.5943884399314	3.24237312589216	300
HOXA3	1114.30064	43.82255	25.4275627502279	3.23583373332414	301
RARG	4435.3918	177.899375	24.9320257589438	3.21615315211404	302
ZBTB47	4583.95904	184.316275	24.8700720541363	3.21366515504217	303
EOMES	1133.99462	46.20375	24.5433459405351	3.20044077638352	304
SP1	1892.0085	78.3499	24.1481929140943	3.18420954972513	305
ISL2	23.77624	1	23.77624	3.16868676269705	306
FOXP4	1105.23664	47.707375	23.1669975554094	3.14272874676795	307
ZNF280D	1005.79306	43.6331375	23.0511285144232	3.13771472765517	308
FOXK1	2572.04708	112.628	22.836657669496	3.12836703736747	309
MLXIP	1881.36168	82.7696	22.7301047727668	3.12369024730243	310
TSC22D2	1077.40188	47.9496125	22.4694595811384	3.11215703522437	311
UNCX	1033.5036	46.13875	22.3999046354745	3.10905670150704	312
NR2E3	942.2534	42.7531125	22.0394105809255	3.09283224077491	313
MNT	8063.73628	380.3979625	21.1981584417661	3.05391431195047	314
NR1D2	1549.33408	74.29625	20.8534627252385	3.03752001240448	315
PROX1	1504.26544	72.44545	20.7641120318805	3.03322611343687	316
ZNF589	20.47164	1	20.47164	3.01904051370873	317
CREB3L1	2837.34882	138.7214	20.4535768814329	3.0181577758216	318
SMAD2	708.06706	35.77675	19.7912627614303	2.98524056563493	319
IRX1	1273.93006	64.4449	19.7677405039033	2.9840513415212	320
FOSL1	2775.331	141.67375	19.5895922850916	2.97499841934026	321
EGR1	2059.59834	105.139825	19.5891360861595	2.9749751312474	322
RARB	1288.1424	68.3815	18.8375861892471	2.93585413935009	323
GBX2	694.46762	38.6291375	17.9778184278642	2.88913868841527	324
TFCP2L1	760.35974	42.90355	17.7225367131624	2.87483709030152	325
ZFP64	1208.30926	68.6495875	17.6011146461732	2.86796223220764	326
TCF12	803.2504	45.68025	17.5841944822981	2.86700045778539	327
INSM1	798.3481	45.44335	17.5679851947535	2.86607822258732	328
TCF7	1064.72	61.1441875	17.4132659788798	2.85723232831095	329
CAMTA1	740.2126	42.5205	17.4083700803142	2.85695112965678	330
GLI3	1497.38012	87.1607	17.179532977592	2.84371873211164	331
YY1	6088.83952	355.800875	17.1130538113488	2.83984155306234	332
CEBPD	1588.24618	93.027875	17.0727986638414	2.8374864755552	333
TFAP2C	379.53382	22.6117	16.784842360371	2.8204762386912	334
MEOX2	4633.9296	280.838125	16.5003579909245	2.80338207709084	335
RUNX2	801.36458	49.0596	16.3345110844768	2.79328011405578	336
ZNF436	1213.1995	74.368225	16.3134120788818	2.79198759640149	337
HIVEP3	1036.05634	63.8691	16.2215584688057	2.78634112722853	338
HLF	754.01512	47.7016	15.806914652758	2.76044748054861	339
HEY1	1136.1354	72.1443125	15.7480937946425	2.75671932903547	340
TOX2	774.37234	50.0738375	15.4646094380124	2.73855415124409	341
SIM1	450.87618	30.192	14.9336307631161	2.70361576772744	342
ZFHX2	1106.8496	74.61725	14.8336959617247	2.69690134706311	343
TBX4	1518.44896	104.5925125	14.5177596723284	2.67537270495296	344
E2F7	846.87192	59.6426875	14.1990905423234	2.65317791624091	345
TP73	1847.0932	130.5501625	14.1485323696935	2.64961089925372	346
ZSCAN22	796.08926	56.566225	14.0735794195211	2.64429923959074	347
RARA	3313.13828	236.8068625	13.9908879541023	2.6384062572924	348
TSC22D3	1186.114	84.840625	13.9804957825334	2.63766319987737	349
ZIC1	589.06676	42.3985	13.8935754802646	2.63142653762689	350
CDC5L	929.63912	66.9155	13.8927321771488	2.63136583844178	351
ZBTB7A	3842.4124	278.00985	13.8211376323537	2.62619913277748	352
NR5A2	757.4302	54.8489125	13.8093932126731	2.62534902819905	353
ZNF621	1338.9307	97.0243375	13.799946843234	2.62466474021618	354
TCFL5	857.46892	62.6530625	13.6859857409205	2.61637237065635	355
KLF11	733.24672	53.8105	13.6264617500302	2.61201361920063	356
RFX4	867.07318	64.0813	13.5308300549458	2.60497078952085	357
ZNF710	517.30936	38.402675	13.470659530879	2.60051395216936	358
MAX	1631.0067	122.396275	13.3256236760473	2.58968877391324	359
EHF	879.59598	66.34135	13.2586385414225	2.5846493053855	360
SALL2	1701.8914	128.5732	13.2367507381009	2.58299710786014	361
FOXD3	348.83308	27.09425	12.8748011109368	2.55527199873626	362
ZFP42	283.39214	22.950325	12.3480665306483	2.51349949459497	363
ZBTB10	2334.49578	189.652725	12.3093184134317	2.51035657013639	364
UBTF	7868.0016	641.1945	12.2708501086644	2.50722653983256	365
RUNX3	1409.05064	115.0773875	12.2443745953131	2.50506661480932	366
HSF2	606.41676	49.672675	12.2082565515145	2.5021124893536	367
PAX1	694.88194	57.7984	12.0225116958255	2.48678086699728	368
IRF1	2530.68896	214.73465	11.7851914444176	2.46684378100944	369
CREB3L2	892.58608	75.8888	11.7617630006009	2.46485384625143	370
THRB	704.95042	60.070825	11.7353210980538	2.46260319135334	371
ZNF251	1672.64	146.40355	11.4248595747849	2.43579164565746	372
HMX1	547.6711	47.94205	11.4236062079114	2.43568193440712	373
ETV6	4950.12	435.391875	11.3693439961414	2.43092061006819	374
NR1D1	5728.60614	516.380275	11.093774137674	2.40638406246366	375
ELF3	567.65896	51.488825	11.024896373145	2.40015602202752	376
TEAD3	1675.19774	153.6756625	10.9008655811066	2.3888421971929	377
GATA3	404.10852	37.2186625	10.8576851733992	2.38487314016506	378
ARNTL	704.57032	64.98415	10.8421872102659	2.38344474782298	379
DMRTB1	1391.01644	128.4832	10.8264461034594	2.38199185420044	380
TFAP4	545.41112	50.53565	10.792601262673	2.37886083109266	381
ZBTB43	802.49812	75.5408125	10.6233715714932	2.36305643920491	382
E2F6	570.16096	54.5807125	10.4461985541138	2.34623813750279	383
GRHL2	849.20068	81.351	10.4387245393419	2.34552240442994	384
ETV4	3102.1654	298.7182	10.3849226461595	2.34035500868786	385
HMBOX1	1342.41434	130.0591	10.3215718085086	2.33423605548191	386
FOXB1	470.44968	45.73465	10.286504433728	2.33083278695602	387
ZBTB7C	698.58486	69.037375	10.1189371699025	2.31440863560714	388
BATF3	1483.8616	149.5693125	9.92089603941985	2.294643243772	389
TEAD4	398.71276	40.315375	9.88984376308046	2.29150834804578	390
NR3C2	774.24704	81.25255	9.52889527774821	2.25432879045869	391
BARHL1	573.09114	60.5116	9.4707649442421	2.24820967946297	392
BNC2	483.99628	51.3236	9.43028704143903	2.24392653535909	393
HES1	3209.7552	348.346	9.21427316518634	2.22075371282772	394
BARX2	243.3211	26.45725	9.19676459193605	2.21885174741335	395
PRDM14	400.9744	43.92215	9.12920701741604	2.21147883622538	396
ASCL1	1672.29856	183.7917	9.09887965561013	2.20815129117544	397
KLF15	609.13568	67.6101625	9.00952841224128	2.19828272976667	398
BCL11B	520.7719	58.0225	8.97534404756775	2.19448126763045	399
MYT1L	781.02826	87.4727	8.92882304993443	2.18928458888261	400
ZBTB46	573.53644	64.2527375	8.92625687738207	2.188997144348	401
LHX2	418.47328	47.4217375	8.82450331981193	2.17753232019438	402
TOX3	461.2929	53.146875	8.67958652319633	2.16097389196119	403
FOSB	2361.49544	274.330675	8.60820774053066	2.15271613655418	404
PPARD	1076.2408	125.158975	8.59899020425823	2.15164477825591	405
HES6	594.0664	69.5247625	8.5446735614523	2.14530811355021	406
NFATC2	1150.50144	134.64815	8.54450239383163	2.14528808126531	407
PRDM2	228.9214	27.47575	8.33176164435912	2.12007491573546	408
TWIST2	2194.2292	268.68775	8.16646534871798	2.10003617740134	409
ZBTB7B	12189.19584	1495.5821625	8.15013454000057	2.09803443509205	410
ZNF579	1703.3192	209.4775	8.13127519662016	2.09571776201271	411
LMX1B	452.16994	55.64875	8.12542851366832	2.09499846696888	412
FOXD2	645.29988	80.0340625	8.06281550433604	2.08726281367699	413
ZNF311	942.7688	117.8880625	7.99715238343153	2.0790855262428	414
ZZZ3	779.47408	101.106575	7.70943017306243	2.04244427732934	415
TFDP2	224.83672	29.5430625	7.61047437109812	2.02952550516055	416
HIC1	417.0354	55.32475	7.53795362834898	2.0199507431079202	417
ELK3	3416.17612	460.4174375	7.41973661673055	2.00414356015178	418
RORC	652.5922	89.823325	7.26528660567843	1.98310774644073	419
EVX1	401.8256	56.176	7.15297636001139	1.96752854421535	420
ZNF664	459.92	64.5769	7.12205138369913	1.96319579961461	421
FOXK2	1916.71394	270.5248	7.08516904919623	1.95800373301272	422
ERG	160.65768	23.943025	6.70999925865675	1.90359884050024	423
ARID3A	891.5452	135.569225	6.576309630744	1.88347374161257	424
ZNF536	613.80854	93.50515	6.56443564873165	1.88166654042398	425
MSX1	293.45948	44.910275	6.53435054672901	1.87707296137692	426
TFE3	2655.82504	409.6306	6.48346349125285	1.86925485696648	427
GRHL1	260.29712	40.288325	6.46085733273845	1.86576202303498	428
PINX1	473.99796	73.7652375	6.42576335499496	1.86031543383987	429
NKX2-5	90.48714	14.0845	6.42459015229508	1.86013283922059	430
TSHZ3	2945.0234	464.86055	6.33528355976862	1.84613457358725	431
ZNF213	1234.51514	201.97145	6.11232498454608	1.81030722200598	432
GSX2	353.19184	58.752525	6.01151763264643	1.79367723458105	433
GFI1B	643.8487	108.7111625	5.92256291988415	1.77876928086675	434
JDP2	334.96186	57.02635	5.87380851132853	1.77050323287981	435
KLF16	3031.0366	517.9073	5.85246935117539	1.76686368349188	436
SOX18	269.91076	46.252	5.83565597163366	1.76398667957986	437
KLF10	1406.9038	251.51475	5.59372283335272	1.7216450464219	438
MAF	609.81812	112.550425	5.41817696379201	1.6897594053281	439
TCF3	158.32096	29.3875375	5.38735033515483	1.68405367502633	440
SREBF1	2874.30136	550.5499	5.22078263932116	1.65264732156047	441
NR2F1	12904.7779	2568.17545	5.02488173072443	1.61440191749392	442
SALL4	742.0628	149.8454	4.95218938986449	1.59982977977708	443
KLF3	814.35452	164.8088375	4.94120662673808	1.5976095577988	444
PRRX2	2439.4864	508.518025	4.79724666593677	1.56804214207279	445
TUB	1062.32938	221.9248	4.78688898221379	1.56588071862563	446
SOX10	4993.45708	1091.865475	4.57332628820414	1.5202407931483	447
ELF4	387.38676	85.082075	4.55309487926805	1.515807194982	448
FOXH1	1850.89168	408.0941875	4.53545219876478	1.51192479166439	449
RORB	1722.99048	383.8583125	4.48861057294415	1.50154320463194	450
FLI1	328.03396	73.775	4.44641084378177	1.49209721878096	451
MEIS3	575.0263	130.05165	4.421522525858	1.48648409963969	452
RFX3	625.36042	146.586475	4.2661536134217	1.4507126281729401	453
MYF6	387.82316	91.26895	4.24923437817571	1.44673882039643	454
ZNF219	530.71632	125.9374	4.21412797151601	1.4384426831022	455
ZFPM1	928.7814	223.324	4.15889649119665	1.42524977254451	456
IRX4	231.0672	55.7827	4.14227350056559	1.42124479183293	457
IRX5	403.03436	97.5497	4.13157969732352	1.4186598271397	458
RCOR1	505.1996	126.9426875	3.97974558400617	1.3812178936366	459
STAT3	274.97024	69.307525	3.96739372817021	1.37810938746932	460
NOTO	226.1444	58.699675	3.85256647502733	1.34873954309956	461
LHX1	170.9125	44.480125	3.84244648593051	1.34610926944502	462
PATZ1	5697.48826	1484.0686	3.83910033538881	1.34523805149083	463
ZNF276	4615.11608	1246.9288	3.70118653125984	1.3086534523663	464
SOX3	277.43708	75.268425	3.6859689836741	1.3045334445823	465
POU3F4	297.97108	81.24375	3.66761849373029	1.29954253964198	466
ZNF507	193.07188	52.9591	3.64567902400154	1.29354263727461	467
SCRT2	306.51498	86.9938	3.52341178336847	1.25942977682286	468
ZNF552	1022.895	291.155125	3.5132302754416598	1.25653592064912	469
ZNF91	851.6414	242.4218875	3.51305490103487	1.25648600112482	470
RREB1	1394.84056	397.3500875	3.51035674554872	1.25571766922156	471
ZKSCAN1	763.02632	223.476625	3.41434510208842	1.22798570364799	472
PBX4	443.27076	130.4426375	3.39820451729213	1.22324720898773	473
ESRRB	318.9421	95.1419625	3.35227581625721	1.20963946332097	474
ETS2	737.80912	222.901425	3.31002424053592	1.19695551278691	475
FOXG1	228.96052	69.6317625	3.28816206540801	1.19032876594516	476
ZFPM2	620.03788	189.1006	3.27887843824927	1.18750142436324	477
MEOX1	543.34268	165.7354375	3.27837358259606	1.18734744045272	478
ARNT2	571.2502	180.580225	3.16341504170792	1.15165215345405	479
MAFA	287.5635	92.049775	3.12400003150469	1.13911424206217	480
CUX2	76.12386	24.4732	3.11049883137473	1.13478310926952	481
FOXP2	579.1296	186.7369	3.10131313093449	1.13182561242595	482
ZBTB3	330.14732	108.7881	3.03477420784075	1.11013702564533	483
STAT5B	964.15646	325.5352	2.96175792971083	1.0857829872226	484
IRF4	419.23234	142.27	2.94673747100583	1.08069861631465	485
FOXD4L2	517.10572	175.5178	2.94617252495189	1.08050687876696	486
ERF	11564.97522	3931.9576	2.94127668619824	1.07884373409885	487
ZFHX3	809.5085	286.0202	2.83024940196532	1.04036483567505	488
RXRG	779.69176	277.956225	2.80508831921285	1.03143502482937	489
ZNF407	189.85682	68.2658875	2.78113750443807	1.02286001827189	490
BARHL2	147.02932	53.1794375	2.76477764549503	1.01696021419815	491
NR5A1	226.272	82.11385	2.75558873442178	1.01363111647981	492
FOXJ1	1496.6922	544.2991	2.74976056363128	1.01151384011742	493
ZNF658	135.9865	49.867	2.72698377684641	1.0031961547612	494
SREBF2	404.0632	153.3269375	2.63530470632403	0.968998813381393	495
CEBPG	276.14448	105.036925	2.62902288885551	0.966612252007111	496
GATA2	560.66848	215.6188	2.600276413745	0.955617752355457	497
ZNF287	915.73004	354.6431125	2.58211708538397	0.948609638175547	498
SIX3	58.38832	22.73065	2.56870437053054	0.943401635807525	499
EN2	91.27126	35.77045	2.55158266110714	0.936713818060468	500
AFF3	730.80362	287.145625	2.54506270119909	0.934155286712394	501
MYBL1	468.06538	187.7789	2.49264097297407	0.913342780120689	502
TBX3	251.79916	103.57775	2.43101592764855	0.888309247204153	503
KLF14	171.02716	71.1493	2.40377853330953	0.87704188818198	504
HNF4G	2021.65158	852.7567	2.37072494417224	0.863195791991161	505
ELF5	136.5025	58.479625	2.33418904447489	0.847664526503349	506
EBF2	347.43556	150.2142	2.31293419663387	0.838516933486148	507
VSX2	325.1056	142.34295	2.28395997132278	0.825910765949636	508
NEUROD4	103.1984	46.03475	2.24174998235029	0.807256802976836	509
MXD4	314.506	140.8607	2.23274483230596	0.803231695081793	510
PKNOX1	345.617	157.2281	2.19818849175179	0.787633608333614	511
BCLAF1	97.98208	44.7668	2.1887219993388	0.78331781154411	512
GZF1	1774.3099	817.338775	2.17083778999718	0.775113171383016	513
ZNF157	728.168	344.9588	2.11088396643309	0.747106801193998	514
ZNF599	115.2424	54.848075	2.10112023074648	0.742470645711733	515
HHEX	195.23422	96.004	2.03360505812258	0.709810108725027	516
BHLHA15	437.12932	219.9214	1.98766159182326	0.686958868303372	517
RFX5	178.9562	93.1315875	1.92154138895141	0.653127670708248	518
T	1172.77152	611.2521875	1.91863774720643	0.651615427557399	519
ZBTB48	74.7544	39.73375	1.88138295529619	0.632007120929362	520
SHOX	616.31272	329.02795	1.87313181144641	0.627611795490007	521
TFAP2B	282.77874	152.7009	1.85184723862138	0.616183648276261	522
ZBED1	255.3736	140.6007875	1.8163027714194	0.596802990632031	523
ZNF692	1993.36964	1115.28875	1.78731260402295	0.580713153180014	524
SPDEF	196.9618	110.2709	1.78616298588295	0.580069735783848	525
FOXC2	376.66964	211.2039625	1.78344021362762	0.578544203319204	526
E2F2	219.3944	124.5332875	1.76173298243652	0.566297973712767	527
SP7	1943.13248	1104.051975	1.76000090937748	0.565314325741675	528
ZXDC	227.30098	131.248	1.73184338047056	0.549186379071431	529
CLOCK	527.54248	304.6957	1.73137487663922	0.548915819262942	530
ZSCAN10	55.31168	32.349025	1.70984071390096	0.536400216410339	531
FOXL2	1065.95804	676.4754125	1.57575282161493	0.454733140058333	532
SIX4	2665.9544	1697.065	1.5709206188331	0.451661828928167	533
LIN28B	2163.66556	1389.447375	1.5572130322676	0.442897705758185	534
AR	208.95692	135.429475	1.54292054960709	0.433677081197963	535
TBR1	205.48584	133.3882	1.5405098801843	0.432113452655767	536
PLAG1	597.9622	388.807025	1.53794083324498	0.43044440041172	537
ZFP3	381.2128	250.03675	1.52462707981927	0.421749842331694	538
ZNF32	553.66112	367.9438	1.504743713578	0.408622593718457	539
NHLH1	966.9968	643.388775	1.50297430973986	0.407446017969973	540
MSX2	422.27008	283.4361	1.48982462008192	0.398658408386623	541
ZBTB8A	256.52128	172.2624	1.48913100014861	0.398192728440853	542
SCXA	2756.01336	1900.757225	1.44995548287341	0.371532854494571	543
DMRTA2	320.7921	223.73005	1.43383555315882	0.360353058585351	544
HES7	209.51008	146.173	1.4333021830297	0.359981001025269	545
ZNF439	859.6216	600.1955	1.43223599643783	0.359236856941822	546
ETV2	1670.79454	1172.7678875	1.42465918261255	0.353932615018431	547
POU3F1	588.08136	419.6627375	1.40131898176926	0.337413922930636	548
ZNF682	999.49024	722.6353375	1.38311841136609	0.324340668226539	549
PEG3	493.20278	358.588	1.37540235590706	0.318746310790788	550
ZNF696	929.9452	680.9743	1.36560983285272	0.311601092862273	551
EGR2	82.28192	60.45145	1.36112400943236	0.308310835927271	552
PHOX2A	80.48018	60.136675	1.33828782519153	0.291391054559603	553
FOXO3	2008.19896	1507.0404625	1.33254481878253	0.287090511601054	554
ZNF524	2971.996	2246.3673	1.32302317612975	0.279919402840112	555
FOXJ2	3086.1535	2369.33305	1.30254102520538	0.264316991427962	556
ZNF74	74.11792	57.263625	1.29432811841723	0.257991733036914	557
CREB1	645.64216	502.7539	1.28421114187279	0.250144632459776	558
ZNF292	1964.81952	1532.062375	1.28246705360152	0.248785608533221	559
FOXS1	341.00032	266.637175	1.27889263753263	0.245994576565621	560
RELA	2315.4475	1813.4722	1.27680341612074	0.244359623242992	561
ZNF205	537.2616	421.4852	1.27468675056681	0.242700462594725	562
FOXP1	3423.9506	2702.8444	1.26679530645567	0.236490330635756	563
ZNF580	1614.32746	1298.9292	1.24281405021921	0.217378203766713	564
BHLHE41	2020.56412	1638.7649875	1.23297979601239	0.209433838007721	565
ZNF148	412.31728	338.9239875	1.21654794351197	0.196017293489889	566
ZNF41	826.98002	689.19795	1.19991654066876	0.182252004932579	567
CIC	9602.27728	8051.4628	1.1926127610004	0.176146497800887	568
ZNF624	337.36736	286.3178375	1.17829668925185	0.164069911966473	569
MYBL2	906.01642	778.48545	1.16381933663629	0.151707128187715	570
DMBX1	361.10572	312.128	1.15691549620668	0.145757408557765	571
ZSCAN5A	134.67748	116.9543875	1.15153850042607	0.141098874740138	572
NRF1	151.3488	132.881875	1.13897248966422	0.130126531112971	573
ZNF22	1000.48416	880.2448	1.13659763738451	0.128039271209455	574
ZNF48	2228.58004	1992.184	1.11866175011947	0.112133104920756	575
ZNF596	159.202	143.181575	1.11188887257316	0.106060256098219	576
ZNF77	1034.299	944.2265	1.09539289566645	0.0911131077397816	577
ZNF131	168.4568	154.34125	1.09145675572797	0.0875132771006698	578
ZNF320	1014.56864	946.7988375	1.07157782605537	0.0691321661033499	579
ZNF678	1849.86864	1735.0193	1.06619484866825	0.0640960939075643	580
HKR1	816.4645	765.917	1.06599605440276	0.0639096244260729	581
ZNF92	591.2785	565.8685625	1.04490431026551	0.0439253121001553	582
NEUROD2	488.4368	469.53415	1.04025830709012	0.0394690545160538	583
ZBTB32	490.71398	473.1900625	1.03703357041654	0.0363643013526641	584
ZNF699	999.2531	969.04885	1.031168965321	0.0306930764965843	585
FOXN4	2112.06016	2059.5384625	1.02550168324424	0.025181939917774	586
ZNF697	725.1955	718.4350625	1.00940994928125	0.00936595150439136	587
ZNF19	799.5074	796.665275	1.00356752715248	0.00356117862204385	588
ZNF84	967.537	974.1460375	0.9932155577854	-0.00680756116815118	589
ZNF227	552.28282	566.66875	0.97461315803986	-0.0257146476995137	590
HIC2	1559.12038	1612.8825625	0.966667019812858	-0.0339011863521023	591
ZFAT-AS1	438.5175	463.0434	0.947033258653508	-0.0544210663984877	592
RFX1	239.60144	255.1487875	0.939065563852621	-0.0628699791521565	593
FOXO1	2576.87184	2749.2418125	0.93730272407604	-0.0647489709327999	594
ZNF329	961.70188	1028.5455	0.935011508970678	-0.0671964407096576	595
ZNF445	1608.9826	1726.5283125	0.931917877251723	-0.0705105827156373	596
ZBTB37	179.00258	192.583275	0.929481441210302	-0.0731284384424526	597
GATA6	214.99752	233.6399	0.920208919794949	-0.0831545479856998	598
NFAT5	316.20328	346.445	0.912708453001198	-0.0913387779691615	599
MYCN	233.46376	259.253125	0.900524381335808	-0.104778039401387	600
ZNF79	99.2222	111.2398	0.891966724140101	-0.11432645187364	601
ZNF232	1048.68202	1192.4284375	0.879450696595786	-0.128457774822946	602
ZNF2	1282.02806	1468.5106125	0.873012458396517	-0.135805452457973	603
GSX1	60.3109	69.09925	0.872815551543613	-0.136031026629791	604
ZNF680	115.27672	133.2407125	0.865176400193747	-0.144821861981506	605
ATF5	24.18736	28.118475	0.860194587366491	-0.150596650948867	606
FOXE1	102.17164	120.43225	0.848374417981894	-0.164433209997178	607
NR1H3	612.0775	726.026875	0.843050747949241	-0.170728123564139	608
ZNF771	621.80078	740.0160125	0.840253142495346	-0.174052072431109	609
ETV3	100.40554	119.9121625	0.837325738329504	-0.177542110569651	610
ZNF302	555.909	665.5159875	0.835305252527836	-0.179958049046779	611
ZNF266	443.4428	532.7347	0.832389555251423	-0.183454732293156	612
ZNF558	1863.9931	2253.32875	0.827217555361152	-0.189687552821216	613
ZNF665	214.97334	260.79415	0.824302769061346	-0.193217378380297	614
ATOH1	196.60064	239.68765	0.820236837400675	-0.198162154327682	615
NPAS4	701.98728	858.0304	0.81813800536671	-0.200724245892194	616
HEYL	123.20428	151.4866	0.813301506535892	-0.206653381436979	617
POU6F2	64.14574	78.9023375	0.812976421642768	-0.207053171524295	618
STAT5A	503.0559	626.053	0.803535643148424	-0.218733734927302	619
SP2	898.82386	1126.08305	0.798186119576172	-0.225413476175218	620
ONECUT3	826.53496	1043.7932	0.791857007690795	-0.23337444931303	621
ZIC4	352.8908	449.2066875	0.785586701667259	-0.241324449698114	622
ZNF254	1580.71384	2018.4148125	0.783146175013517	-0.244435914573949	623
MXD3	748.12904	959.298	0.779871364268455	-0.248626290503448	624
ZNF568	509.51328	660.157375	0.771805783431564	-0.259022336473727	625
RBPJL	1393.30966	1825.2774	0.763341320064556	-0.270050008190031	626
ZNF613	346.74568	458.025625	0.757044281092352	-0.278333531757	627
EGR4	672.7245	891.544825	0.754560489989945	-0.28161983170165	628
ZNF136	397.5473	530.5753125	0.749275909817233	-0.288647992379293	629
ZSCAN4	609.32056	813.7436875	0.748786834675138	-0.289300935870836	630
HOPX	83.48104	111.634225	0.74780865814225	-0.290608138353903	631
ZNF43	747.43664	1001.3842	0.746403468319153	-0.292488982729959	632
TAL2	321.28206	438.465275	0.732742313516162	-0.310961189359274	633
ZNF26	425.7562	584.761325	0.728085428700333	-0.317336890554243	634
ZNF606	223.94272	308.22325	0.726560115111368	-0.319434053199113	635
E2F1	581.90548	816.6046875	0.712591403046532	-0.338847090089556	636
MAZ	3811.7333	5363.032225	0.710742195847984	-0.341445508675947	637
ZBTB1	28.0062	40.3656375	0.693812899647627	-0.365552951872679	638
NFKB2	629.16	914.785	0.687768164104134	-0.374303468615079	639
PRDM5	102.80086	149.741	0.68652446557723	-0.3761134162777	640
NEUROD1	2092.04518	3057.4442125	0.684246394896404	-0.379437199768828	641
JUND	5329.46468	7817.4864125	0.681736353449658	-0.383112274398976	642
CREB3	475.59544	701.8668	0.677614954860381	-0.389176065550795	643
ZNF709	853.23952	1274.7212875	0.669353786091848	-0.401442530395348	644
ZNF502	383.4811	583.277025	0.657459635067917	-0.41937190834644	645
MGA	1602.17728	2458.2092	0.65176604171850006	-0.428069613171083	646
SOX12	4048.26868	6211.37125	0.651751202280817	-0.428092381473922	647
DBP	2209.04932	3392.5794	0.651141523762126	-0.42902826598844	648
ZNF687	670.44752	1029.817075	0.651035544346553	-0.429191038653392	649
GSC	459.09114	708.2286875	0.648224433862685	-0.433518294041151	650
ZNF12	401.74692	626.7878	0.640961614122036	-0.444785708219605	651
PAX6	1547.4528	2479.843675	0.624012237384278	-0.471585299612253	652
GATA5	283.78504	456.30345	0.621921749660232	-0.474940998561768	653
ZHX1	491.90056	793.920475	0.619584171827789	-0.478706716556896	654
BACH1	329.4064	542.38865	0.607325392963146	-0.498690564070895	655
TP53	461.45976	768.3349	0.600597161472165	-0.509830849597646	656
THAP11	697.35316	1176.5576	0.592706349438396	-0.523056197510116	657
TLX1	42.20066	73.1302	0.57706200721453	-0.549805553404764	658
ARNTL2	356.6504	619.991625	0.575250351164018	-0.552949939612232	659
ZNF117	127.96552	234.1504375	0.546509847969001	-0.604202951456539	660
ZNF662	236.78854	439.7887375	0.538414288064846	-0.619126962993259	661
ZNF114	156.23332	292.170175	0.53473397823717	-0.625985892689283	662
DRGX	130.50832	252.82125	0.516207874140326	-0.661245737764515	663
PBX2	204.84744	410.261125	0.499309896837045	-0.694528340247932	664
NRL	589.82002	1200.37105	0.491364749258156	-0.710568556799547	665
HES5	142.2805	293.03375	0.485543047515858	-0.722487328825346	666
INSM2	72.7948	153.686625	0.473657353071551	-0.747271102508845	667
ZNF626	367.96352	856.24615	0.429740349781427	-0.844574090395559	668
IRX3	451.38208	1107.208	0.407675956098583	-0.897282645390516	669
ZNF430	139.83738	346.2883	0.403817801525492	-0.906791489068944	670
ZNF99	447.84484	1292.8561	0.346399603173161	-1.06016224786853	671
HES4	151.423	440.9916125	0.343369342427119	-1.06894861107049	672
ZNF135	98.26942	291.06055	0.337625349776876	-1.08581843087766	673
ZNF575	108.1036	353.605375	0.305718203519955	-1.18509150485148	674
SNAPC4	488.61802	1607.70985	0.303921767973245	-1.19098495288737	675
PRDM9	53.04472	220.8415	0.24019362302828	-1.42630991828035	676
ZNF404	98.08576	472.475775	0.207599553649073	-1.57214427774535	677
E2F5	149.39524	739.3046125	0.202075352262191	-1.59911462013875	678
ONECUT1	61.32234	392.7599	0.156131875988358	-1.85705426994746	679
PAX2	48.53398	488.2375375	0.0994064902271059	-2.3085378734159	680
HOXA5	1	20.2204	0.0494550058356907	-3.00669199579033	681
ZNF639	167.9176	3813.6641	0.0440305164788897	-3.12287232912452	682
ZFHX4	1	23.3915625	0.0427504575634911	-3.15237538041709	683
PHOX2B	1	25.1285125	0.0397954315839427	-3.22400315760302	684
ZBTB40	1	25.465	0.0392695857058708	-3.23730496033657	685
HOXA6	1	25.69145	0.0389234550794136	-3.2461582517244	686
HOXC4	1	25.856625	0.0386748077136904	-3.25256685438565	687
TBX5	1	25.879075	0.0386412574638004	-3.25343472710832	688
WT1	1	27.2744375	0.0366643675052877	-3.30594990822508	689
HAND1	1	27.5404375	0.0363102438005932	-3.31565537915835	690
ZNF75A	1	30.0986	0.0332241366708086	-3.40447865904522	691
SIX6	1	31.77615	0.0314701434881192	-3.45871600839543	692
ZIC3	1	32.3548	0.0309073151433481	-3.47676238706531	693
SP9	1	33.335875	0.0299977126744086	-3.5066341444131	694
TFDP1	1	34.14325	0.0292883659288439	-3.53056490908615	695
SPI1	1	37.6142625	0.0265856601601587	-3.62738330028003	696
RCOR3	1	39.1915	0.0255157368306903	-3.66845988654924	697
MAFB	1	40.2198	0.0248633757502524	-3.69435941168172	698
DBX2	1	41.0559625	0.0243569980852355	-3.71493607504621	699
TBX19	1	41.64875	0.024010324439509	-3.72927135615768	700
ZIC2	1	42.2983625	0.0236415771414319	-3.744748373719	701
ADNP	1	44.59825	0.022422404466543	-3.79769462058804	702
ESR1	1	46.28205	0.0216066487979681	-3.8347541969365	703
NR1I2	1	51.601	0.0193794693901281	-3.94354105214469	704
OSR2	1	52.6616875	0.0189891370267996	-3.96388819875032	705
ARNT	1	53.9142625	0.0185479677107704	-3.98739505330141	706
HOXA4	1	55.7564875	0.0179351326605716	-4.02099377128304	707
SMAD4	1	59.088675	0.0169237167697533	-4.07903928168428	708
PTF1A	1	59.68795	0.016753800390196	-4.08913015747954	709
ZNF519	1	63.9553625	0.0156359054332621	-4.15818537908314	710
HES2	1	71.7223	0.0139426649730976	-4.27280171738056	711
ZNF485	1	73.1188	0.0136763732446375	-4.29208551563267	712
CDX1	1	79.9187625	0.0125127062621872	-4.38101064998618	713
PROP1	1	80.82715	0.0123720804209972	-4.39231292393819	714
PRDM13	1	81.4067	0.0122840011940049	-4.39945757920356	715
HOXA7	1	101.7699	0.00982608806729691	-4.62271438259552	716
PEG3-AS1	1	102.8341625	0.00972439484786974	-4.6331176178539	717
ZNF565	1	105.2071	0.00950506192072588	-4.65593078852052	718
ASCL4	1	108.49455	0.00921705283813795	-4.68669994130418	719
STAT6	1	108.9570625	0.00917792731425739	-4.69095388260313	720
SP4	1	116.22075	0.00860431549443623	-4.7554913999044	721
NKX2-3	1	143.0923	0.00698849623634535	-4.96348987658917	722
NR1H4	1	160.256	0.00624001597444089	-5.07677253659752	723
SNAI3	1	229.1141875	0.00436463586524951	-5.43422051464811	724
HOXD12	1	260.79065	0.00383449329951055	-5.56371797818283	725
TBX21	1	265.578125	0.0037653703594752	-5.58190905351768	726
CREM	1	285.42945	0.00350349271947937	-5.65399488822653	727
TFAP2A	1	353.0486	0.0028324712235086	-5.86660572451051	728
HSF5	1	561.063	0.00178233103947329	-6.32983319868282	729
ZNF567	1	788.355625	0.0012684630746435	-6.66994928881374	730
NR2F6	1	1320.9369	0.00075703843234298305	-7.18609653653815	731
PAX3	1	2203.5850875	4.53805939091063e-4	-7.69784089824039	732
RFX7	1	3220.08265	3.10551035079798e-4	-8.07716230591091	733
